_id,nome,idade,cargo,cidade
651b3eb1f0ddeac7d37dd286,João Silva,30,Gerente,Campinas
651b3eb1f0ddeac7d37dd287,Maria Santos,28,Analista,Porto Alegre
651b3eb1f0ddeac7d37dd288,Carlos,22,Estagiário,Belo Horizonte
651b3eb1f0ddeac7d37dd289,Ana,35,Diretor,São Paulo
651b3eb1f0ddeac7d37dd28a,Pedro,26,Analista,São Paulo
651b3eb1f0ddeac7d37dd28b,Laura,29,Gerente,Belo Horizonte
651b3eb1f0ddeac7d37dd28c,Mariana,24,Analista,Rio de Janeiro
651b3eb1f0ddeac7d37dd28d,Rafael,27,Analista,Belo Horizonte
651b3eb1f0ddeac7d37dd28e,Gabriel,32,Gerente,São Paulo
651b3eb1f0ddeac7d37dd28f,Julia,31,Analista,Rio de Janeiro
